# ONE of: none / round / start / down / knockout / other,
# 'none' = no banner (a gameplay flash the detector caught),
# Blank if you genuinely cannot tell.,
# NOTE: best-of-3, so a match has at most 2 DOWNs; the deciding
# round always says KNOCK OUT, never DOWN.
id,label
0,none
1,none
4,none
6,none
11,none
12,none
19,none
22,none
26,start
28,other
34,none
39,none
42,none
44,none
55,none
60,none
62,none
65,knockout
70,round
73,down
74,none
76,none
80,knockout
82,none
84,none
87,round
90,knockout
93,none
95,none
96,none
100,none
103,none
105,none
109,none
112,none
116,none
119,none
128,round
135,none
137,none
142,none
145,none
146,none
153,none
155,none
161,none
166,other
170,none
173,none
175,none
180,knockout
182,none
187,start
188,none
202,knockout
204,none
205,none
208,round
211,none
216,none
221,none
222,none
224,none
235,none
236,knockout
242,none
244,down
249,none
256,knockout
262,none
274,down
278,down
286,round
290,none
293,down
301,down
302,none
303,none
305,none
308,none
310,none
313,none
327,none
328,none
331,none
337,none
339,round
342,round
344,none
349,none
353,knockout
354,none
355,other
361,other
362,none
365,none
367,none
368,none
369,down
371,other
376,none
380,round
386,none
389,none
390,round
403,round
409,none
410,none
412,round
416,round
422,none
427,none
432,start
433,none
437,none
438,none
441,none
442,down
453,none
456,none
