# Fill in what you SEE. Leave a cell BLANK if you cannot tell --,,,,
# 'unreadable' is a real answer and is more useful than a guess.,,,,
#,,,,
# hp1, hp2   : the LENGTH of the YELLOW segment as a percentage,,,
#              read off the ruler under each bar (0-100).,,,,
#              Measure the length, not where it sits: the bars,,,
#              deplete outward from the centre, so the yellow is,,,
#              not always flush with the left edge.,,,,
#              RED is combo damage in progress, NOT health --,,,
#              do not include it.,,,,
#,,,,
# spirit1,2  : number of LIT (blue) hexagons out of 5.,,,
#              Dark/black = spent. Purple = partly recovered,,,,
#              count it as 0.5. So: 0,0.5,1, 1.5 ... 5,
#,,,,
# Cards are deliberately not annotated: they were already,,,,
# measured as undecodable, so your time is better spent here.,,,
id,hp1,hp2,spirit1,spirit2
0,100,53,2.5,3.5
1,23,15,2.5,3.5
2,5,28,5,5
3,100,35,2.5,5
4,13,43,2.5,3.5
5,39,22,5,5
6,90,86,5,5
7,76,75,5,5
8,76,51,5,5
9,100,100,4.5,4.5
10,41,7,5,1.5
11,70,11,1.5,4
12,71,52,5,3.5
13,80,38,4.5,3.5
14,70,7,3.5,4
15,100,36,2.5,1.5
16,63,51,4.5,5
17,12,11,2.5,3.5
18,50,30,5,2.5
19,52,7,5,3
20,46,16,5,3.5
21,71,70,4.5,3
22,47,16,5,4.5
23,50,18,2.5,0.5
24,79,55,3,3
25,58,55,4.5,5
26,9,31,4.5,5
27,50,19,5,3.5
28,38,4,1,3.5
29,11,29,1.5,5
30,38,28,5,5
31,28,8,5,5
32,48,15,5,5
33,51,6,2.5,5
34,100,81,5,5
35,40,30,3.5,4.5
36,48,17,5,4
37,8,62,5,5
38,71,61,5,5
39,48,28,4.5,4.5
40,7,29,4,3
41,58,22,3,5
42,79,90,2.5,3
43,50,6,2.5,1.5
44,100,85,5,4
45,5,29,4.5,4
46,100,89,4,unreadable
47,78,99,5,5
